Aabenraa,SouthJutland
Aabybro,NorthJutland
Aakirkeby,Bornholm
Aalborg,NorthJutland
Aalestrup,Viborg
Århus,Århus
Aars,NorthJutland
Årslev,Fyn
Aarup,Fyn
Aaskov,Ringkøbing
Ærøskøbing,Fyn
Albertslund,Copenhagen
Allerød,Frederiksborg
Allinge-Gudhjem,Bornholm
Arden,NorthJutland
Assens,Fyn
Augustenborg,SouthJutland
Aulum-Haderup,Ringkøbing
Ballerup,Copenhagen
Billund,Ribe
Birkerød,Frederiksborg
Bjergsted,Vestsjælland
Bjerringbro,Viborg
Blaabjerg,Ribe
Blåvandshuk,Ribe
Bogense,Fyn
Børkop,Vejle
Bov,SouthJutland
Brædstrup,Vejle
Bramming,Ribe
Bramsnæs,Roskilde
Brande,Ringkøbing
Bredebro,SouthJutland
Broager,SouthJutland
Broby,Fyn
Brøndby,Copenhagen
Brønderslev,NorthJutland
Brørup,Ribe
Brovst,NorthJutland
Christiansfeld,SouthJutland
Christiansø,Bornholm
Dianalund,Vestsjælland
Dragør,Copenhagen
Dragsholm,Vestsjælland
Dronninglund,NorthJutland
Ebeltoft,Århus
Egebjerg,Fyn
Egtved,Vejle
Egvad,Ringkøbing
Ejby,Fyn
Esbjerg,Ribe
Faaborg,Fyn
Fakse,Storstrøm
Fanø,Ribe
Farsø,NorthJutland
Farum,Frederiksborg
Fjends,Viborg
Fjerritslev,NorthJutland
Fladså,Storstrøm
Fredensborg-Humlebæk,Frederiksborg
Fredericia,Vejle
Frederiksberg,Copenhagen
Frederikshavn,NorthJutland
Frederikssund,Frederiksborg
Frederiksværk,Frederiksborg
Fuglebjerg,Vestsjælland
Galten,Århus
Gedved,Vejle
Gentofte,Copenhagen
Give,Vejle
Gjern,Århus
Gladsaxe,Copenhagen
Glamsbjerg,Fyn
Glostrup,Copenhagen
Gørlev,Vestsjælland
Gråsten,SouthJutland
Græsted-Gilleleje,Frederiksborg
Gram,SouthJutland
Grenaa,Århus
Greve,Roskilde
Grindsted,Ribe
Gudme,Fyn
Gundsø,Roskilde
Haarby,Fyn
Haderslev,SouthJutland
Hadsten,Århus
Hadsund,NorthJutland
Hals,NorthJutland
Hammel,Århus
Hanstholm,Viborg
Hashøj,Vestsjælland
Hasle,Bornholm
Haslev,Vestsjælland
Hedensted,Vejle
Helle,Ribe
Helsinge,Frederiksborg
Helsingør,Frederiksborg
Herlev,Copenhagen
Herning,Ringkøbing
Hillerød,Frederiksborg
Hinnerup,Århus
Hirtshals,NorthJutland
Hjørring,NorthJutland
Hobro,NorthJutland
Højer,SouthJutland
Høje-Taastrup,Copenhagen
Højreby,Storstrøm
Holbæk,Vestsjælland
Holeby,Storstrøm
Holmegaard,Storstrøm
Holmsland,Ringkøbing
Holstebro,Ringkøbing
Holsted,Ribe
Høng,Vestsjælland
Hørning,Århus
Horsens,Vejle
Hørsholm,Frederiksborg
Hundested,Frederiksborg
Hvalsø,Roskilde
Hvidebæk,Vestsjælland
Hvidovre,Copenhagen
Hvorslev,Viborg
Ikast,Ringkøbing
Ishøj,Copenhagen
Jægerspris,Frederiksborg
Jelling,Vejle
Jernløse,Vestsjælland
Juelsminde,Vejle
Kalundborg,Vestsjælland
Karlebo,Frederiksborg
Karup,Viborg
Kerteminde,Fyn
Kjellerup,Viborg
Københavns,Copenhagen
Køge,Roskilde
Kolding,Vejle
Korsør,Vestsjælland
Læsø,NorthJutland
Langå,Århus
Langebæk,Storstrøm
Langeskov,Fyn
Ledøje-Smørum,Copenhagen
Lejre,Roskilde
Lemvig,Ringkøbing
Løgstør,NorthJutland
Løgumkloster,SouthJutland
Løkken-Vrå,NorthJutland
Lunderskov,Vejle
Lundtoft,SouthJutland
Lyngby-Taarbæk,Copenhagen
Mariager,Århus
Maribo,Storstrøm
Marstal,Fyn
Middelfart,Fyn
Midtdjurs,Århus
Møldrup,Viborg
Møn,Storstrøm
Morsø,Viborg
Munkebo,Fyn
Næstved,Storstrøm
Nakskov,Storstrøm
Nexø,Bornholm
Nibe,NorthJutland
Nørager,NorthJutland
Nordborg,SouthJutland
Nørhald,Århus
NørreAaby,Fyn
NørreAlslev,Storstrøm
NørreDjurs,Århus
Nørre-Rangstrup,SouthJutland
Nørre-Snede,Vejle
Nyborg,Fyn
NykøbingFalster,Storstrøm
Nykøbing-Rørvig,Vestsjælland
Nysted,Storstrøm
Odder,Århus
Odense,Fyn
Ølgod,Ribe
Ølstykke,Frederiksborg
Ørbæk,Fyn
Otterup,Fyn
Pandrup,NorthJutland
Præstø,Storstrøm
Purhus,Århus
Ramsø,Roskilde
Randers,Århus
Ravnsborg,Storstrøm
Ribe,Ribe
Ringe,Fyn
Ringkøbing,Ringkøbing
Ringsted,Vestsjælland
Rødby,Storstrøm
Rødding,SouthJutland
Rødekro,SouthJutland
Rødovre,Copenhagen
Rønde,Århus
Rønne,Bornholm
Rønnede,Storstrøm
Rosenholm,Århus
Roskilde,Roskilde
Rougsø,Århus
Rudbjerg,Storstrøm
Rudkøbing,Fyn
Ry,Århus
Ryslinge,Fyn
Sæby,NorthJutland
Sakskøbing,Storstrøm
Sallingsund,Viborg
Samsø,Århus
Sejlflod,NorthJutland
Silkeborg,Århus
Sindal,NorthJutland
Skælskør,Vestsjælland
Skærbæk,SouthJutland
Skævinge,Frederiksborg
Skagen,NorthJutland
Skanderborg,Århus
Skibby,Frederiksborg
Skive,Viborg
Skjern,Ringkøbing
Skørping,NorthJutland
Skovbo,Roskilde
Slagelse,Vestsjælland
Slangerup,Frederiksborg
Søllerød,Copenhagen
Solrød,Roskilde
Sønderborg,SouthJutland
Sønderhald,Århus
Søndersø,Fyn
Sorø,Vestsjælland
Spøttrup,Viborg
Stenlille,Vestsjælland
Stenløse,Frederiksborg
Stevns,Storstrøm
Støvring,NorthJutland
Struer,Ringkøbing
Stubbekøbing,Storstrøm
Sundeved,SouthJutland
Sundsøre,Viborg
Suså,Storstrøm
Svendborg,Fyn
Svinninge,Vestsjælland
Sydals,SouthJutland
Sydfalster,Storstrøm
Sydlangeland,Fyn
Sydthy,Viborg
Tårnby,Copenhagen
Them,Århus
Thisted,Viborg
Thyborøn-Harboøre,Ringkøbing
Thyholm,Ringkøbing
Tinglev,SouthJutland
Tjele,Viborg
Tølløse,Vestsjælland
Tommerup,Fyn
Tønder,SouthJutland
Tornved,Vestsjælland
Tørring-Uldum,Vejle
Tranekær,Fyn
Trehøje,Ringkøbing
Trundholm,Vestsjælland
Ulfborg-Vemb,Ringkøbing
Ullerslev,Fyn
Værløse,Copenhagen
Vallensbæk,Copenhagen
Vallø,Roskilde
Vamdrup,Vejle
Varde,Ribe
Vejen,Ribe
Vejle,Vejle
Viborg,Viborg
Videbæk,Ringkøbing
Vinderup,Ringkøbing
Vissenbjerg,Fyn
Vojens,SouthJutland
Vordingborg,Storstrøm