Product Name,Books
Writing Fun-Set of 4 Books,Books
Death; An Inside Story,Books
Concepts of Phyics: v. 1,Books
My First Library - Boxset of 10 Board Books,Books
Indian Polity 5 Edition,Books
Alchemist,Books
Nta UGC Paper 1 Teaching and Research Aptitude,Books
Indian Art and Culture,Books
Rich Dad Poor Dad,Books
The Girl in Room 105,Books
Life's Amazing Secrets,Books
Atomic Habits,Books
Objective General English,Books
The Monk Who Sold His Ferrari,Books
Wish I Could Tell You,Books
You Can Win,Books
India's Struggle For Independence,Books
A Thousand Splendid Suns,Books
The Power of Your Subconscious Mind,Books
Wise & Otherwise,Books
ALCHEMIST,Books
The Monk Who Sold His Ferrari,Books
Rich Dad Poor Dad,Books
Word Power Made Easy,Books
Bharat Ki Rajvyavastha,Books
Inner Engineering - A Yogi's Guide to Joy,Books
Mathematics for Class 11 Examination 2020-2021,Books
Something I Never Told You,Books
Certificate Physical and Human Geography,Books
Bharat Ki Rajvyavastha,Books
The 5 AM Club,Books
THE DIARY OF A YOUNG GIRL,Books
Anthropology,Books
The NAMESAKE,Books
General Knowledge 2021,Books
Great Stories for Children,Books
IMU CET Exam Full Package,Books
Turning Points : A Journey Through Challanges,Books
Secrets of the Millionare Mind,Books
India Since Independence,Books
Think and Grow Rich,Books
Essential English Grammar,Books
Roses Are Blood Red,Books
Indian Polity,Books
India's Most Fearless 2,Books
Everything is F*cked : - A Book About Hope,Books
The Theory Of Everything,Books
"UPTET & CTETs Child Development & Education ,Books
Sochiye Aur Ameer Baniye,Books
Target High,Books
Mathematics for Class 12,Books
Annihilation of Caste,Books
I've Never Been (Un)Happier,Books
Criminal Procedure - R.V. Kelkar's Criminal Procedure,Books
Who Will Cry When You Die?,Books
LOOKING FOR ALASKA,Books
You are the Best Wife,Books
Law of Torts with Consumer Protection Act,Books
Ancient and Medieval India,Books
The Malayala Manorama English Yearbook 2020,Books
Inner Engineering (Hindi),Books
The World's Favourite,Books
Rich Dad Poor Dad,Books
Odisha D.El.Ed(CT) Entrance Guide 2020,Books
The Power of Habit,Books
Why I am an Atheist and Other Works,Books
1001 Activities Book,Books
THE DIARY OF A YOUNG GIRL,Books
Bhagavad Gita Yatharoop,Books
Challenges to Internal Security of India,Books
Ram - Scion of Ikshvaku,Books
Train to Pakistan,Books
Ctet & Stets Paper 1 and Paper 2 Both,Books
IMU CET Exam Full Package,Books
The 5 AM Club,Books
Will You Still Love Me?,Books
Lucent Samanya Gyan & Arihant Samanya Gyan 2020,Books
India's Most Fearless,Books
Bharat Ki Rajvyavastha,Books
Lucent's - General Knowledge 2019 Edition,Books
Criminal Procedure - R.V. Kelkar's Criminal Procedure,Books
Time Management,Books
Badi Shoch Ka Bada Jadu,Books
"Think and Grow Rich - Magic Formula for Success,Books
Law of Torts with Consumer Protection Act,Books
The Power of your Subconscious Mind,Books
The Power of Your Subconscious Mind,Books
HOW TO TALK TO ANYONE,Books
All in One Social Science Class Class 9 2019-20,Books
"UPTET & CTETs Child Development & Education ,Books
7 Years UPSC [IAS/IPS MAINS] GENERAL STUDIES,Books
Odisha D.El.Ed(CT) Entrance Guide 2020,Books
One Hundred Years of Solitude,Books
Jeet Aapki,Books
Life is What You Make it,Books
Jaya,Books
The Kite Runner,Books
The The Magic,Books
THE DIARY OF A YOUNG GIRL,Books
General Knowledge 2021,Books
"Three Thousand Stitches - Ordinary People,Books
"Diseases of Ear,Books
Oxford Student Atlas for India,Books
"Business School (only Book,Books
IMU CET Exam Full Package,Books
Bharat Nehru Ke Baad,Books
Light from Many Lamps,Books
Angels And Demons,Books
Criminal Procedure - R.V. Kelkar's Criminal Procedure,Books
Englishwale.com English Speaking Course Book,Books
Bechana Seekho Aur Safal Bano,Books
How to Read a Book,Books
Law of Torts with Consumer Protection Act,Books
32 Years Chapterwise Solution (1998-2019) Neet Biology,Books
Norwegian Wood,Books
All in One Science Cbse Class 9 2019-20 - Book,Books
The Belated Bachelor Party,Books
"UPTET & CTETs Child Development & Education ,Books
Harry Potter and the Deathly Hallows,Books
The Palace of Illusions: 10th Anniversary Edition,Books
Odisha D.El.Ed(CT) Entrance Guide 2020,Books
The Orient Blackswan Atlas for Competitive Exams,Books
All in One Chemistry Cbse Class 11 2019-20,Books
"Wake Up,Books
Her Last Wish,Books
The English Acumen Grammar + Vocabulary + Comprehension,Books
Ignited Minds - Unleashing the Power within India,Books
Concepts of Physics 2 1st  Edition,Books
Ikigai - The Japanese Secret to a Long and Happy Life,Books
THE DIARY OF A YOUNG GIRL,Books
"MEN ARE FROM MARS,Books
Angels & Demons,Books
How to Prepare for Logical Reasoning for CAT,Books
"Bahut Door,Books
Success Master Ctet Paper-I Class 1 to 5 2020,Books
IMU CET Exam Full Package,Books
Biology - Textbook For Class 12,Books
ALL THE LIGHT WE CANNOT SEE,Books
The House with the Green Roof,Books
The Immortals of Meluha,Books
Mechanical Engineering,Books
My Gita,Books
"Because Life is a Gift - Stories of Hope,Books
Important Judgements That Transformed India,Books
Bharat,Books
Fast Track Objective Arithmetic,Books
Criminal Procedure - R.V. Kelkar's Criminal Procedure,Books
General Practice,Books
Her Last Wish,Books
The English Acumen Grammar + Vocabulary + Comprehension,Books
Law of Torts with Consumer Protection Act,Books
"UPTET & CTETs Child Development & Education ,Books
151 Essays,Books
Objective Computer Awareness,Books
Miss & Chief My First Book of Patterns - Pencil Control,Books
FMGE Solutions for MCI Screening Examination,Books
Odisha D.El.Ed(CT) Entrance Guide 2020,Books
The Forest of Enchantments,Books
Epfo Enforcement Officer Account Officer 2nd Edition,Books
THE DIARY OF A YOUNG GIRL,Books
Physical Geography,Books
ICAR AIEEA UG 2020 English Edition,Books
When Breath Becomes Air,Books
How to Win Friends and Influence People,Books
Her Last Wish,Books
IMU CET Exam Full Package,Books
The English Acumen Grammar + Vocabulary + Comprehension,Books
Criminal Procedure - R.V. Kelkar's Criminal Procedure,Books
151 Essays,Books
Objective Computer Awareness,Books
Law of Torts with Consumer Protection Act,Books
Miss & Chief My First Book of Patterns - Pencil Control,Books
FMGE Solutions for MCI Screening Examination,Books
The Secret of the Nagas,Books
The Magic Of The Lost Temple,Books
My First 1000 Words,Books
15 years Karnataka CET Chapterwise Solutions PCM,Books
"UPTET & CTETs Child Development & Education ,Books
The Forty Rules of Love,Books
A Brief History of Modern India,Books
Odisha D.El.Ed(CT) Entrance Guide 2020,Books
Being Love: Creating Beautiful Relationships,Books
Moonwalking with Einstein : The Art and,Books
Becoming,Books
Epfo Enforcement Officer Account Officer 2nd Edition,Books
Physical Geography,Books
THE DIARY OF A YOUNG GIRL,Books
ICAR AIEEA UG 2020 English Edition,Books
When Breath Becomes Air,Books
Pitman Shorthand Instructor And Key 1st  Edition,Books
The Discovery of India,Books
IMU CET Exam Full Package,Books
Drishti Ias Mains Solved Papers,Books
Who Will Cry When You Die?,Books
Objective Physics for Neet 2020,Books
All the Bright Places,Books
Autobiography of a Yogi,Books
"UPTET & CTETs Child Development & Education ,Books
Bank PO Solved Papers English Language 2020,Books
The Original Rider Waite Tarot Deck,Books
Harry Potter and the Half-Blood Prince,Books
Criminal Procedure - R.V. Kelkar's Criminal Procedure,Books
Rahasya / The Secret,Books
Something Happened On The Way To Heaven,Books
Guide for Nift/Nid/Iift 2021,Books
Modern Approach to Chemical Calculations,Books
Law of Torts with Consumer Protection Act,Books
Harry Potter BoxSet 2014,Books
Odisha D.El.Ed(CT) Entrance Guide 2020,Books
Pyjamas are Forgiving,Books
The Power of Your Subconscious Mind,Books
The Power of Your Subconscious Mind,Books
Indian Economy,Books
"NCERT SAR UPSC COMBO,Books
Peppa Pig: Little Library,Books
Think and Grow Rich,Books
Think and Grow Rich - Unabridged Text of First Edition,Books
THE DIARY OF A YOUNG GIRL,Books
"Think and Grow Rich - Magic Formula for Success,Books
Think and Grow Rich,Books
Think and Grow Rich,Books
"Think and Grow Rich - Magic Formula for Success,Books
Think and Grow Rich,Books
IMU CET Exam Full Package,Books
"7 Mindsets for Success,Books
The Forest of Enchantments,Books
Believe in Yourself,Books
Believe in Yourself,Books
Believe in Yourself,Books
Chanakya Neeti,Books
Criminal Procedure - R.V. Kelkar's Criminal Procedure,Books
ONE MINUTE MANAGER,Books
Breaking India,Books
Law of Torts with Consumer Protection Act,Books
"Textbook of Anatomy Head,Books
Without Fear,Books
Flowers on the Path,Books
Fast Track Objective Arithmetic 2012,Books
"Men are from Mars,Books
Play With Advanced Maths By Abhinay Sharma,Books
The Book Thief,Books
"UPTET & CTETs Child Development & Education ,Books
"Romancing the Balance Sheet: For Anyone Who Owns,Books
The Very Hungry Caterpillar: Touch and Feel Playbook,Books
Mind is Your Business / Body the Greatest Gadget,Books
The Intelligent Investor,Books
Odisha D.El.Ed(CT) Entrance Guide 2020,Books
How to Crack Test of Reasoning- Revised Edition,Books
Colouring Books for Kids (Set of 12 Books),Books
Harry Potter and the Goblet of Fire,Books
THE DIARY OF A YOUNG GIRL,Books
28 Mock Test Series for Olympiads Class 3,Books
A Man Called Ove,Books
Before Memory Fades,Books
VERONIKA DECIDES TO DIE,Books
IMU CET Exam Full Package,Books
"Ncert Solutions Physics,Books
21st Shatabdi Mein Anthrashtriya Sambandh,Books
Ghai Essential Pediatrics - Ghai Essential Pediatrics,Books
Half Torn Hearts,Books
Nta UGC Net Education 2019,Books
Dharmayoddha Kalki - Avatar of Vishnu Book 1,Books
Think and Grow Rich,Books
Criminal Procedure - R.V. Kelkar's Criminal Procedure,Books
The Rudest Book Ever,Books
Law of Torts with Consumer Protection Act,Books
PRINCIPAL UPANISADS,Books
How to Crack Test of Reasoning- Revised Edition,Books
All in One Mathematics CBSE Class 10 2019-20,Books
Jeetna Hai to Jid Karo,Books
Jawahar Navodaya Vidyalaya Entrance Exam 2021 Class 6,Books
"UPTET & CTETs Child Development & Education ,Books
The Fountainhead,Books
Ivory Throne: Chronicles of the House of Travancore,Books
Mathematics for NDA And NA (R.S. Aggarwal),Books
Odisha D.El.Ed(CT) Entrance Guide 2020,Books
Jeevan Ke Adbhut Rahasya,Books
The Bird With Golden Wings,Books
THE DIARY OF A YOUNG GIRL,Books
If it’s Not Forever - It’s Not Love,Books
You Can Heal Your Life,Books
Oxford Student Atlas for Competitive Exams,Books
"Shortcuts in Reasoning (Verbal,Books
Fire On The Mountain,Books
IMU CET Exam Full Package,Books
Factfulness,Books
The Magic of Thinking Big,Books
"Marry Me,Books
House Of Cards,Books
Handbook of Physics,Books
Spoken English Guru Englishwale kit,Books
Criminal Procedure - R.V. Kelkar's Criminal Procedure,Books
Forever is True,Books
You Can Heal Your Life,Books
I Too Had a Love Story,Books
Law of Torts with Consumer Protection Act,Books
Fundamentals of Plant Physiology,Books
India 2020 - A Vision for the New Millennium,Books
Awaken The Giant Within,Books
"UPTET & CTETs Child Development & Education ,Books
Aapke Avachetan Man Ki Shakti,Books
Midnight's Children,Books
"Forget Me Not,Books
21vi SADI KA VYVASAYA,Books
A Gentleman in Moscow,Books
Odisha D.El.Ed(CT) Entrance Guide 2020,Books
All in One Biology Cbse Class 11 2019-20,Books
A Handbook for Letter Writing,Books
Pearson IIT Foundation Series Class 8 Mathematics,Books
THE DIARY OF A YOUNG GIRL,Books
Very First Sight Words Sentences Level - 2,Books
My First Book of Patterns Capital Letter,Books
Marketing Management 15e (with free INDIAN CASES book),Books
Rapidex English for Hindi Speakers,Books
Wbcs General Studies Manual,Books
IMU CET Exam Full Package,Books
Hindi Sulekh Pustak - Bhag - 1,Books
Who Moved My Cheese,Books
Jaya,Books
It Started With A Friend Request,Books
Emotion & Relationships,Books
12 Years' Solved Papers Cbse Aipmt & Neet 2020,Books
"UPTET & CTETs Child Development & Education ,Books
IRRFAN KHAN,Books
Your Prime Minister is Dead,Books
Samany Hindi,Books
Criminal Procedure - R.V. Kelkar's Criminal Procedure,Books
Word Power Made Easy,Books
12 Rules for Life,Books
Think & Grow Rich!,Books
Manipal Manual of Surgery,Books
Law of Torts with Consumer Protection Act,Books
The 7 Habits Of Highly Effective People,Books
Odisha D.El.Ed(CT) Entrance Guide 2020,Books
"All Yours,Books
Class Notes Of Maths (English) By Rakesh Yadav Sir,Books
Geography of India,Books
Till The Last Breath . . .,Books
How to Win Friends & Influence People,Books
Bank PO Solved Papers Quantitave Aptitude 2020,Books
THE DIARY OF A YOUNG GIRL,Books
Magbook Indian & World Geography 2020,Books
A Competitive Book of Agriculture,Books
JONATHAN LIVINGSTON SEAGULL,Books
Surely You're Joking Mr Feynman,Books
Bhagavad Gita As It Is [New Edition](English),Books
IMU CET Exam Full Package,Books
"Here,Books
The Mother I Never Knew,Books
10 Years Solved Papers,Books
Cmat 2019 - CMAT 2019 with 0 Disc,Books
The Great Gatsby,Books
Workbook On Echoes ISC Collection Of Short Stories,Books
"UPTET & CTETs Child Development & Education ,Books
Peppa Pig: Fairy Tale Little Library,Books
Shaw's Textbook of Gynaecology,Books
Think and Grow Rich,Books
Criminal Procedure - R.V. Kelkar's Criminal Procedure,Books
The Power Of Your Subconscious Mind,Books
"Applied Psychology,Books
Law of Torts with Consumer Protection Act,Books
How To Win Friends & Influence People,Books
Odisha D.El.Ed(CT) Entrance Guide 2020,Books
Ati Parbhaawkari Logo Ki Saat Aadatei,Books
IIMA,Books
Rapidex English Speaking Course For Early Learning,Books
Think and Grow Rich,Books
Rapidex English Speaking Course For Early Learning,Books
Think and Grow Rich,Books
THE DIARY OF A YOUNG GIRL,Books
The Power of Your Subconscious Mind,Books
Bolna Hi Hai,Books
ISC Workbook On REVERIE (ISC Collection Of Poems),Books
Babylon KA Subse Ameer Aadmi,Books
IMU CET Exam Full Package,Books
My Journey - Transforming Dreams into Actions,Books
Descriptive English,Books
Mathematics for Class 10,Books
Mathematics for Class 10,Books
Everyone Has A Story,Books
Five Feet Apart,Books
Criminal Procedure - R.V. Kelkar's Criminal Procedure,Books
LIGHT ON YOGA,Books
Law of Torts with Consumer Protection Act,Books
Angry River,Books
Self Study Guide Clat 2020,Books
"Achieve More,Books
THE WHITE TIGER,Books
Sherlock Holmes Gift Pack,Books
Cengage Maths Combo Sets Of 5 Books,Books
"UPTET & CTETs Child Development & Education ,Books
The Power Of Positive Thinking,Books
Giant Book Series Transport Colouring Book,Books
Odisha D.El.Ed(CT) Entrance Guide 2020,Books
I.C.S.E. FOUNDATION MATHEMATICS CLASS-X,Books
Bhagavad Gita As It Is Telugu Original Edition,Books
THE DIARY OF A YOUNG GIRL,Books
Biology Class 12th,Books
The Boy You've Loved Reading About Box Set,Books
The Gene,Books
QRS for BDS I Year,Books
IMU CET Exam Full Package,Books
The 12-Week Fitness Project,Books
"Objective Food Science (10th Edition,Books
The House with the Green Roof,Books
Governance in India,Books
Rich Dad Poor Dad,Books
Rich Dad Poor Dad,Books
Rich Dad Poor Dad,Books
Rich Dad Poor Dad,Books
Criminal Procedure - R.V. Kelkar's Criminal Procedure,Books
Target High,Books
Science for Ninth Class Part 3 Biology,Books
Law of Torts with Consumer Protection Act,Books
Learning How To Fly - Life Lessons for the Youth,Books
The Perfect Us,Books
The Tyrant’s Tomb (The Trials of Apollo Book 4),Books
MY SON'S INHERITANCE,Books
Mindset (Hindi) Paperback – Jan 2020,Books
"The Official SAT Study Guide,Books
"UPTET & CTETs Child Development & Education ,Books
Samanya Budhi Avum Tarkshakti Parikshan,Books
Science and Technology,Books
Cash Flow Quadrant,Books
The 3 Mistakes of My Life,Books
The Blue Umbrella,Books
Odisha D.El.Ed(CT) Entrance Guide 2020,Books
Logical Reasoning and Data Interpretation for Cat,Books
The Boy who loved,Books
THE DIARY OF A YOUNG GIRL,Books
BHARAT 2020 HINDI MEDIUM PRAKASHAN VIBHAG,Books
Trueman's UGC NET Commerce,Books
Sapiens,Books
Handbook of Chemistry,Books
IMU CET Exam Full Package,Books
Public Administration,Books
Cracking the CSAT Paper-2,Books
Cracking the CSAT Paper-2,Books
Study Guide for B.Arch 2020,Books
"UPTET & CTETs Child Development & Education ,Books
The Boy in the Striped Pyjamas,Books
Super 10 Mock Tests for NTA NEET 2020,Books
Criminal Procedure - R.V. Kelkar's Criminal Procedure,Books
The Essential Rumi,Books
Going Solo,Books
Shrimanyogi,Books
Law of Torts with Consumer Protection Act,Books
The 7 Habits of Highly Effective People,Books
IF TOMORROW COMES,Books
Letters from Kargil,Books
Odisha D.El.Ed(CT) Entrance Guide 2020,Books
"Ncert Exemplar Problems-Solutions Physics,Books
Judo Jodo Aur Jeeto (Network Marketing) H Hindi,Books
Objective Electrical Technology,Books
The Secret,Books
"Girl,Books
"1Q84: Books 1,Books
12 Rules for Life,Books
THE DIARY OF A YOUNG GIRL,Books
Banking Awareness,Books
The Power Of Positive Thinkings,Books
Everyone Has a Story 2,Books
IMU CET Exam Full Package,Books
Autobiography of a Yogi,Books
Bhagavad Gita Yatha Rup,Books
Midnight's Children,Books
The English Acumen by Gopal Verma,Books
Awareness Science for Class 8,Books
The Burning Maze (The Trials of Apollo Book 3),Books
"UPTET & CTETs Child Development & Education ,Books
Twelfth Fail - TWELFTH FAIL with 1 Disc,Books
Of Course I Love You!,Books
Criminal Procedure - R.V. Kelkar's Criminal Procedure,Books
Social Problems in India,Books
Social Problems in India,Books
S.Chand's Mental Mathematics for Class 5,Books
How to Win Friends and Influence People,Books
CAT Test Pep Series By Arun Sharma,Books
Law of Torts with Consumer Protection Act,Books
Satyayoddha Kalki: Eye of Brahma (Book 2),Books
"UP BTC D.El.Ed 4th Semester ( Paper 1 ,Books
The Great Derangement,Books
Odisha D.El.Ed(CT) Entrance Guide 2020,Books
Harry Potter and the Order of the Phoenix,Books
Can Love Happen Twice?,Books
Success Master Ctet Paper-I Class 1 to 5 2019,Books
Nta UGC Net Jrf & Set Geography Paper II,Books
COMBINED CDS (OTA) BOOK,Books
Lines and Curves (Small Letters) Part 3,Books
The Tattooist of Auschwitz,Books
THE DIARY OF A YOUNG GIRL,Books
40 Days Crash Course for Neet Physics,Books
Who Moved My Cheese,Books
Principles,Books
The Rebel - A Biography of Ram Jethmalani,Books
IMU CET Exam Full Package,Books
Creative Crayons Super Pack,Books
Half-Lion,Books
Tribal India 7th Revised & Updated Edition,Books
Can Love Happen Twice?,Books
This is Not Your Story,Books
The God of Small Things,Books
The God of Small Things,Books
"UPTET & CTETs Child Development & Education ,Books
Criminal Procedure - R.V. Kelkar's Criminal Procedure,Books
Cbse All in One Ncert Based English Class 8 2020-21,Books
"Pregnancy Notes: Before,Books
Plane Trigonometry Part-1,Books
Fangirl,Books
Peppa Pig : Marvellous Magnet Book,Books
Law of Torts with Consumer Protection Act,Books
The great Gatsby,Books
Intermediate English Grammar,Books
Odisha D.El.Ed(CT) Entrance Guide 2020,Books
The Last Lecture,Books
Karmabhoomi,Books
"Don't Lose Your Mind,Books
Limit State Design of Steel Structures,Books
National Cyber Olympiad - Class 3,Books
1984,Books
A Little Life,Books
How to Stop Worrying and Start Living,Books
THE DIARY OF A YOUNG GIRL,Books
Demigods and Magicians,Books
Indian Army Acc Entrance Exam,Books
Pride & Prejudice,Books
Meluha Ke Mritunjay (Immortals of Meluha Hindi),Books
Universal Guide To CLAT LL.B,Books
IMU CET Exam Full Package,Books
Designing Destiny (Hindi),Books
A Complete Study Pacakage for Mca Entrances,Books
Medicine: Prep Manual for Undergraduates,Books
Find Me,Books
Discrete Mathematics and Its Applications,Books
How I Taught My Grandmother to Read (R/J,Books
"UPTET & CTETs Child Development & Education ,Books
"Don't Lose Your Mind,Books
The Woman in the Window,Books
Criminal Procedure - R.V. Kelkar's Criminal Procedure,Books
Deep Focus,Books
Study Guide Ntse (Mat + Sat) for Class 10th 2019-2020,Books
THE HINDU VIEW OF LIFE,Books
Law of Torts with Consumer Protection Act,Books
The Spy,Books
The Legend of Lakshmi Prasad,Books
Main Krishna Hoon - The Complete Set of 6 Books,Books
Odisha D.El.Ed(CT) Entrance Guide 2020,Books
Self Study Guide For LLB Entrance Examination 2020,Books
Shoot. Dive. Fly.,Books
Dental Pulse,Books
Oxford Student Atlas for India,Books
Oxford Student Atlas for India,Books
Brave New World,Books
THE DIARY OF A YOUNG GIRL,Books
Autobiography of a Yogi,Books
Autobiography of a Yogi,Books
Autobiography of a Yogi,Books
The Secrets We Keep,Books
IMU CET Exam Full Package,Books
Be My Perfect Ending,Books
26 Years AIIMS Chapterwise Solutions -Biology,Books
"UPTET & CTETs Child Development & Education ,Books
My First Learning Library - Boxset of 20 Board Books,Books
The Boy with a Broken Heart,Books
Black Holes: The Reith Lectures,Books
RELATIVITY - The Special and the General Theory,Books
Learn to Earn,Books
A Clash of Kings,Books
Criminal Procedure - R.V. Kelkar's Criminal Procedure,Books
CTET and TETs Bhasha HINDI Paper 1 and 2 2020,Books
Something Like an Autobiography,Books
Ganit Aur Shikshan Shastra,Books
Law of Torts with Consumer Protection Act,Books
Civil Engineering,Books
An American Marriage,Books
Odisha D.El.Ed(CT) Entrance Guide 2020,Books
Busy Friends,Books
Science A Text Book For Class 9th,Books
10 Very Similar Practice Sets Neet Pcb,Books
Pearson Iit Foundation Series - Maths - Class 9,Books
All Rights Reserved for You,Books
"Objective Food Science (10th Edition,Books
The 48 Laws Of Power,Books
Neet 12 Practice Sets 2020,Books
THE DIARY OF A YOUNG GIRL,Books
MASTER OF THE GAME,Books
Indian Financial System,Books
The Serpent's Shadow (The Kane Chronicles Book 3),Books
Hooked: How to Build Habit-Forming Products,Books
IMU CET Exam Full Package,Books
B.Sc. Agriculture Entrance Exam 2020,Books
The 3 Mistakes of My Life,Books
Fault Lines,Books
Percy Jackson and the Last Olympian (Book 5),Books
Psychology,Books
GGSIPU B.Com Hons Guide 2020,Books
Percy Jackson and the Titan's Curse (Book 3),Books
"Amish's Ramachandra Series - Ram,Books
"UPTET & CTETs Child Development & Education ,Books
Lucent's General Science,Books
The Brain - The Story of You,Books
Criminal Procedure - R.V. Kelkar's Criminal Procedure,Books
Little World: In the City,Books
Practical English Grammar & Composition,Books
Socho Aur Amir Ho Jao,Books
The Financial Expert,Books
Law of Torts with Consumer Protection Act,Books
Rich Dad's Retire Young Retire Rich,Books
Environment By SHANKAR (6th) Revised Edition 2018,Books
Odisha D.El.Ed(CT) Entrance Guide 2020,Books
A Girl to Remember,Books
The Diary of a Young Girl - The Diary of a Young Girl,Books
The Diary of a Young Girl,Books
The Diary of A Young Girl,Books
FRANK ISC ECONOMICS CLASS-XII,Books
Product Name,Laptops
Dell 14 3000 Core i3 7th Gen - (4 GB/1 TB HDD/Linux) inspiron 3481 Laptop,Laptops
HP 15s Ryzen 3 Dual Core - (4 GB/256 GB SSD/Windows 10 Home) 15s-eq0007AU Thin and Light Laptop,Laptops
HP 15 Pentium Gold - (4 GB/1 TB HDD/Windows 10 Home) 15-di0001TU Laptop,Laptops
Lenovo Ideapad 130 Core i3 7th Gen - (4 GB/1 TB HDD/Windows 10 Home) 130-15IKB Laptop,Laptops
HP Pavilion x360 Core i3 8th Gen - (4 GB/256 GB SSD/Windows 10 Home) 14-dh0107TU 2 in 1 Laptop,Laptops
Asus ZenBook Core i5 8th Gen - (8 GB/256 GB SSD/Windows 10 Home) UX430UA-GV573T Thin and Light Laptop,Laptops
HP 15q Core i3 7th Gen - (4 GB/1 TB HDD/Windows 10 Home) 15q-ds0007TU Laptop,Laptops
Dell Vostro 15 3000 Core i3 7th Gen - (4 GB/1 TB HDD/Linux) 3581 Laptop,Laptops
Apple MacBook Air Core i5 8th Gen - (8 GB/128 GB SSD/Mac OS Mojave) MVFM2HN/A,Laptops
Lenovo Ideapad S145 Core i5 10th Gen - (8 GB/1 TB HDD/Windows 10 Home) S145-15IIL Laptop,Laptops
Apple MacBook Air Core i5 5th Gen - (8 GB/128 GB SSD/Mac OS Sierra) MQD32HN/A A1466,Laptops
HP 15q Core i5 8th Gen - (8 GB/1 TB HDD/Windows 10 Home) 15q-ds1001TU Laptop,Laptops
Asus Core i5 8th Gen - (4 GB/1 TB HDD/Windows 10 Home/2 GB Graphics) R540UB-DM1043T Laptop,Laptops
Lenovo Ideapad S145 Core i5 10th Gen - (8 GB/1 TB HDD/256 GB SSD/Windows 10 Home) S145-15IIL Laptop,Laptops
Apple MacBook Air Core i5 8th Gen - (8 GB/256 GB SSD/Mac OS Mojave) A1932,Laptops
Dell 14 3000 Core i3 7th Gen - (4 GB/1 TB HDD/Windows 10 Home) inspiron3481 Laptop,Laptops
HP 15s Ryzen 3 Dual Core - (4 GB/256 GB SSD/Windows 10 Home) 15s-eq0007AU Thin and Light Laptop,Laptops
Apple MacBook Air Core i5 8th Gen - (8 GB/256 GB SSD/Mac OS Mojave) MVFN2HN/A,Laptops
HP 14q Core i3 7th Gen - (4 GB/1 TB HDD/DOS) 14q-cs0009TU Thin and Light Laptop,Laptops
Acer Aspire 5 Core i3 8th Gen - (4 GB/1 TB HDD/Windows 10 Home) A515-52 Thin and Light Laptop,Laptops
Dell Inspiron 13 5000 Series Core i3 7th Gen - (4 GB/1 TB HDD/Windows 10 Home) 5378 2 in 1 Laptop,Laptops
HP 15 Core i3 8th Gen - (4 GB/1 TB HDD/Windows 10 Home) 15-da0411tu Thin and Light Laptop,Laptops
HP 15q APU Dual Core A6 - (4 GB/1 TB HDD/Windows 10 Home) 15q-dy0006AU Laptop,Laptops
Acer Aspire 5 Core i5 7th Gen - (8 GB/1 TB HDD/Windows 10 Home/2 GB Graphics) A515-51G-5206 Laptop,Laptops
Dell Inspiron 3000 Core i5 10th Gen - (4 GB/512 GB SSD/Windows 10 Home) 3593 Laptop,Laptops
HP 15q Core i3 7th Gen - (4 GB/1 TB HDD/Windows 10 Home) 15q-ds0006TU Laptop,Laptops
Acer Swift 3 Core i5 8th Gen - (8 GB/512 GB SSD/Windows 10 Home) SF313-51 Thin and Light Laptop,Laptops
HP 15s Ryzen 3 Dual Core - (4 GB/256 GB SSD/Windows 10 Home) 15s-eq0007AU Thin and Light Laptop,Laptops
HP Pavilion x360 Core i5 10th Gen - (8 GB/256 GB SSD/Windows 10 Home) 14-dh1010TU 2 in 1 Laptop,Laptops
HP 14q Core i3 7th Gen - (4 GB/1 TB HDD/DOS) 14q-cs0009TU Thin and Light Laptop,Laptops
Microsoft Surface Pro Core i5 7th Gen - (8 GB/128 GB SSD/Windows 10 Pro) M1796 2 in 1 Laptop,Laptops
Apple MacBook Pro Core i5 8th Gen - (8 GB/256 GB SSD/Mac OS Mojave) MV962HN,Laptops
Avita Liber Core i5 8th Gen - (8 GB/256 GB SSD/Windows 10 Home) NS14A2IN199P Thin and Light Laptop,Laptops
Lenovo Ideapad Core i3 7th Gen - (4 GB/1 TB HDD/Windows 10 Home) IP130 Laptop,Laptops
Lenovo Core i7 8th Gen - (8 GB/1 TB HDD/Windows 10 Home/2 GB Graphics) L340-15IWL Laptop,Laptops
HP 15q APU Dual Core A6 - (4 GB/1 TB HDD/Windows 10 Home) 15q-dy0006AU Laptop,Laptops
Microsoft Surface Pro X SQ1 Octa Core - (8 GB/128 GB SSD/Windows 10 Home) M1876 Laptop,Laptops
HP Pavilion x360 14 Core i3 10th Gen - (4 GB/256 GB SSD/Windows 10 Home) 14-dh1006TU 2 in 1 Laptop,Laptops
HP 15s Ryzen 3 Dual Core - (4 GB/256 GB SSD/Windows 10 Home) 15s-eq0007AU Thin and Light Laptop,Laptops
HP Envy 13 Core i5 10th Gen - (8 GB/256 GB SSD/Windows 10 Home) 13-aq1014TU Thin and Light Laptop,Laptops
Avita Liber Core i5 8th Gen - (8 GB/256 GB SSD/Windows 10 Home) NS14A2IN205P Thin and Light Laptop,Laptops
Avita Liber Core i5 8th Gen - (8 GB/256 GB SSD/Windows 10 Home) NS14A2IN204P Thin and Light Laptop,Laptops
Apple MacBook Pro Core i5 7th Gen - (8 GB/128 GB SSD/Mac OS Sierra) MPXR2HN/A,Laptops
Lenovo Ideapad Core i5 7th Gen - (8 GB/1 TB HDD/Windows 10 Home/2 GB Graphics) IP 320-15IKB Laptop,Laptops
HP 14q Core i3 7th Gen - (4 GB/1 TB HDD/DOS) 14q-cs0009TU Thin and Light Laptop,Laptops
Acer Swift 5 Core i5 8th Gen - (8 GB/256 GB SSD/Windows 10 Home) SF514-52T Thin and Light Laptop,Laptops
Dell Vostro 14 3000 Core i5 8th Gen - (8 GB/1 TB HDD/Linux/2 GB Graphics) VOS 3480 Laptop,Laptops
Avita Liber Core i5 8th Gen - (8 GB/256 GB SSD/Windows 10 Home) NS14A2IN198P Thin and Light Laptop,Laptops
Lenovo Ideapad S145 Core i3 7th Gen - (4 GB/1 TB HDD/Windows 10 Home) S145-15IKB Laptop,Laptops
Apple MacBook Air Core i5 8th Gen - (8 GB/256 GB SSD/Mac OS Mojave) MVFL2HN/A,Laptops
Avita Liber Core i5 8th Gen - (8 GB/256 GB SSD/Windows 10 Home) NS14A2IN202P Thin and Light Laptop,Laptops
HP Spectre x360 Core i7 8th Gen - (16 GB/512 GB SSD/Windows 10 Pro) 13-ae503TU 2 in 1 Laptop,Laptops
HP 15q APU Dual Core A6 - (4 GB/1 TB HDD/Windows 10 Home) 15q-dy0006AU Laptop,Laptops
Asus Core i5 8th Gen - (8 GB/512 GB SSD/Windows 10 Home/2 GB Graphics) X509FJ-EJ502T Laptop,Laptops
HP 15 Core i7 8th Gen - (8 GB/1 TB HDD/128 GB SSD/Windows 10 Home/4 GB Graphics) 15-dc0082TX Laptop,Laptops
HP 15s Ryzen 3 Dual Core - (4 GB/256 GB SSD/Windows 10 Home) 15s-eq0007AU Thin and Light Laptop,Laptops
HP 15 Core i7 8th Gen - (16 GB/1 TB HDD/128 GB SSD/Windows 10 Home/4 GB Graphics) 15-dc0084TX Laptop,Laptops
Acer Aspire 5 Core i3 7th Gen - (4 GB/256 GB SSD/Windows 10 Home) A515-52K Laptop,Laptops
HP 14q Core i3 7th Gen - (4 GB/1 TB HDD/DOS) 14q-cs0009TU Thin and Light Laptop,Laptops
Nexstgo Core i5 8th Gen - (16 GB/512 GB SSD/Windows 10 Pro) NX101 Thin and Light Laptop,Laptops
Avita Liber Core i5 8th Gen - (8 GB/256 GB SSD/Windows 10 Home) NS13A2IN205P Thin and Light Laptop,Laptops
Nexstgo Core i7 8th Gen - (8 GB/256 GB SSD/Windows 10 Pro) NX101 Thin and Light Laptop,Laptops
Lenovo Ideapad S145 Core i3 8th Gen - (4 GB/1 TB HDD/Windows 10 Home) S145-15IWL Thin and Light Laptop,Laptops
Lenovo Core i5 7th Gen - (8 GB/1 TB HDD/Windows 10 Home/2 GB Graphics) Ideapad 510 Laptop,Laptops
Lenovo Yoga 730 Core i7 8th Gen - (8 GB/512 GB SSD/Windows 10 Home) 730-13IKB Thin and Light Laptop,Laptops
Lenovo Core i5 7th Gen - (8 GB/1 TB HDD/Windows 10 Home/4 GB Graphics) IP 520 Laptop,Laptops
Dell XPS 15 Core i9 9th Gen - (32 GB/1 TB SSD/Windows 10 Home/4 GB Graphics) 7590 Laptop,Laptops
HP 15q APU Dual Core A6 - (4 GB/1 TB HDD/Windows 10 Home) 15q-dy0006AU Laptop,Laptops
HP 14q Core i3 7th Gen - (4 GB/1 TB HDD/Windows 10 Home) 14q-CS0005TU Thin and Light Laptop,Laptops
Apple MacBook Pro Core i5 8th Gen - (8 GB/256 GB SSD/Mac OS Mojave) MUHP2HN/A,Laptops
HP 15s Ryzen 3 Dual Core - (4 GB/256 GB SSD/Windows 10 Home) 15s-eq0007AU Thin and Light Laptop,Laptops
Avita Liber Core i5 8th Gen - (8 GB/256 GB SSD/Windows 10 Home) NS14A2IN212P Thin and Light Laptop,Laptops
Microsoft Surface Pro Core i5 7th Gen - (4 GB/128 GB SSD/Windows 10 Pro) 1796 2 in 1 Laptop,Laptops
Asus VIVOBOOK Core i3 8th Gen - (4 GB/512 GB SSD/Windows 10) X509FA Notebook,Laptops
HP 14q Core i3 7th Gen - (4 GB/1 TB HDD/DOS) 14q-cs0009TU Thin and Light Laptop,Laptops
Asus X512FA Core i3 10th Gen - (4 GB/512 GB SSD/Windows 10 Home) X512FA-EJ372T Laptop,Laptops
Lenovo Ideapad 520 Core i5 8th Gen - (4 GB/1 TB HDD/Windows 10 Home/2 GB Graphics) 520-15IKB Laptop,Laptops
HP 14q Core i5 8th Gen - (4 GB/1 TB HDD/Windows 10 Home) 14q-cs0007TU Laptop,Laptops
Lenovo Ideapad 500s Core i5 6th Gen - (4 GB/1 TB HDD/Windows 10 Home/2 GB Graphics) 500S-14ISK Laptop,Laptops
Asus Core i5 8th Gen - (8 GB/1 TB HDD/Windows 10 Home/2 GB Graphics) R540UB-DM1197T Laptop,Laptops
Asus VivoBook 15 Core i3 7th Gen - (4 GB/1 TB HDD/Windows 10 Home) X543UA-DM342T Laptop,Laptops
HP 15q APU Dual Core A6 - (4 GB/1 TB HDD/Windows 10 Home) 15q-dy0006AU Laptop,Laptops
HP 14 Core i5 8th Gen - (8 GB/256 GB SSD/Windows 10 Home) 14-bf120TU Laptop,Laptops
Avita Liber Core i7 8th Gen - (8 GB/256 GB SSD/Windows 10 Home) NS14A2IN241P Thin and Light Laptop,Laptops
Avita Liber Core i7 8th Gen - (8 GB/256 GB SSD/Windows 10 Home) NS14A2IN239P Thin and Light Laptop,Laptops
Apple MacBook Core m3 7th Gen - (8 GB/256 GB SSD/Mac OS Sierra) MNYH2HN/A,Laptops
Avita Liber Core i7 8th Gen - (8 GB/256 GB SSD/Windows 10 Home) NS14A2IN249P Thin and Light Laptop,Laptops
HP 15s Ryzen 3 Dual Core - (4 GB/256 GB SSD/Windows 10 Home) 15s-eq0007AU Thin and Light Laptop,Laptops
Avita Liber Core i7 8th Gen - (8 GB/256 GB SSD/Windows 10 Home) NS14A2IN246P Thin and Light Laptop,Laptops
Avita Liber Core i7 8th Gen - (8 GB/256 GB SSD/Windows 10 Home) NS14A2IN244P Thin and Light Laptop,Laptops
HP G4 APU Dual Core A9 7th Gen - (4 GB/500 GB HDD/Windows 10 Home) 455 G4 Laptop,Laptops
HP 14q Core i3 7th Gen - (4 GB/1 TB HDD/DOS) 14q-cs0009TU Thin and Light Laptop,Laptops
Dell Vostro 3000 Core i5 8th Gen - (8 GB/1 TB HDD/Windows 10 Home) 3480 Laptop,Laptops
Avita Liber Core i7 8th Gen - (8 GB/256 GB SSD/Windows 10 Home) NS14A2IN247P Thin and Light Laptop,Laptops
HP Chromebook x360 Core i3 8th Gen - (8 GB/64 GB EMMC Storage/Chrome OS) 14-da0003TU 2 in 1 Laptop,Laptops
Lenovo Ideapad 330 Core i3 8th Gen - (4 GB/1 TB HDD/Windows 10 Home) 330-15IKB Laptop,Laptops
Asus X Series Core i3 7th Gen - (4 GB/1 TB HDD/Endless) X540UA-GQ703 Laptop,Laptops
HP Spectre x360 Core i5 8th Gen - (8 GB/256 GB SSD/Windows 10 Pro) 13-ap0121TU 2 in 1 Laptop,Laptops
HP Spectre Folio x360 Core i7 8th Gen - (16 GB/512 GB SSD/Windows 10 Pro) 13-ak0040TU 2 in 1 Laptop,Laptops
HP Spectre x360 Core i7 8th Gen - (16 GB/512 GB SSD/Windows 10 Home) 13-ap0101TU 2 in 1 Laptop,Laptops
HP CE Core i5 8th Gen - (8 GB/256 GB SSD/Windows 10 Home/2 GB Graphics) CE1000TX Thin and Light Laptop,Laptops
HP 15s Ryzen 3 Dual Core - (4 GB/256 GB SSD/Windows 10 Home) 15s-eq0007AU Thin and Light Laptop,Laptops
Lenovo Ideapad 330 Ryzen 5 Quad Core - (4 GB/1 TB HDD/Windows 10 Home) 330-15ARR U Laptop,Laptops
Dell Core i5 5th Gen - (8 GB/1 TB HDD/Windows 10 Home/4 GB Graphics) 7548 Laptop,Laptops
HP 14q Core i3 7th Gen - (4 GB/1 TB HDD/DOS) 14q-cs0009TU Thin and Light Laptop,Laptops
Dell Vostro 14 3000 Core i5 8th Gen - (8 GB/1 TB HDD/Windows 10 Home/2 GB Graphics) vos 3480 Laptop,Laptops
Acer Aspire 3 Celeron Dual Core - (2 GB/500 GB HDD/Linux) A315-31 Laptop,Laptops
Avita Liber Core i3 8th Gen - (8 GB/128 GB SSD/Windows 10 Home) NS14A2IN190P Thin and Light Laptop,Laptops
Microsoft Surface Go Pentium Gold - (8 GB/128 GB SSD/Windows 10 Home in S Mode) 1824 2 in 1 Laptop,Laptops
Dell Inspiron 14 3000 Series Core i3 7th Gen - (4 GB/1 TB HDD/Windows 10 Home) 3467 Laptop,Laptops
HP Pavilion 13 Core i5 8th Gen - (8 GB/256 GB SSD/Windows 10 Home) 13-an0046tu Thin and Light Laptop,Laptops
Apple Macbook Pro Core i7 8th Gen - (16 GB/512 GB SSD/Mac OS Mojave/4 GB Graphics) MR942HN/A,Laptops
Apple MacBook Pro Core i7 7th Gen - (16 GB/512 GB SSD/Mac OS Sierra/2 GB Graphics) MPTT2HN/A,Laptops
Acer Swift 3 Core i5 8th Gen - (4 GB/256 GB SSD/Linux) SF314-52 Laptop,Laptops
Avita Liber Core i5 8th Gen - (8 GB/256 GB SSD/Windows 10 Home) NS14A2IN206P Thin and Light Laptop,Laptops
HP 15q APU Dual Core A6 - (4 GB/1 TB HDD/Windows 10 Home) 15q-dy0006AU Laptop,Laptops
Lenovo Ideapad S145 Core i3 10th Gen - (4 GB/1 TB HDD/Windows 10 Home) S145 Thin and Light Laptop,Laptops
Smartron t.book flex Core m3 7th Gen - (4 GB/128 GB SSD/Windows 10 Home) T1223 2 in 1 Laptop,Laptops
HP 15q Ryzen 5 Quad Core - (4 GB/1 TB HDD/Windows 10 Home) 15q-dy0008AU Laptop,Laptops
HP 15s Ryzen 3 Dual Core - (4 GB/256 GB SSD/Windows 10 Home) 15s-eq0007AU Thin and Light Laptop,Laptops
Dell Inspiron 5447 Notebook (4th Gen Ci5/ 4GB/ 1TB/ Win8.1/ 2GB Graph) (5447541TB2S),Laptops
HP Chromebook Celeron Dual Core - (4 GB/64 GB EMMC Storage/Chrome OS) 14-ca003TU Laptop,Laptops
HP 14q Core i3 7th Gen - (4 GB/1 TB HDD/DOS) 14q-cs0009TU Thin and Light Laptop,Laptops
Avita Liber Core i5 8th Gen - (8 GB/512 GB SSD/Windows 10 Home) NS14A2IN218P Thin and Light Laptop,Laptops
Avita Liber Core i5 8th Gen - (8 GB/512 GB SSD/Windows 10 Home) NS14A2IN223P Thin and Light Laptop,Laptops
Avita Liber Core i5 8th Gen - (8 GB/512 GB SSD/Windows 10 Home) NS14A2IN215P Thin and Light Laptop,Laptops
Avita Liber Core i5 7th Gen - (8 GB/512 GB SSD/Windows 10 Home) NS13A1IN013P Thin and Light Laptop,Laptops
Avita Liber Core i5 7th Gen - (8 GB/512 GB SSD/Windows 10 Home) NS13A1IN012P Thin and Light Laptop,Laptops
Avita Liber Core i5 7th Gen - (8 GB/512 GB SSD/Windows 10 Home) NS13A1IN019P Thin and Light Laptop,Laptops
Lenovo Ideapad 330 Core i3 7th Gen - (4 GB/1 TB HDD/Windows 10 Home) 330-15IKB Laptop,Laptops
HP 15 Core i5 8th Gen - (8 GB/1 TB HDD/Windows 10/2 GB Graphics) 15g-dr0006tx Laptop,Laptops
HP 15q APU Dual Core A6 - (4 GB/1 TB HDD/Windows 10 Home) 15q-dy0006AU Laptop,Laptops
Lenovo Ideapad 330s Core i3 7th Gen - (4 GB/1 TB HDD/Windows 10 Home) 330S-15IKB Thin and Light Laptop,Laptops
HP Pavilion 13 Core i5 8th Gen - (8 GB/128 GB SSD/Windows 10 Home) 13-an0045tu Thin and Light Laptop,Laptops
Dell Inspiron 15 5000 Core i5 8th Gen - (8 GB/1 TB HDD/Windows 10 Home/2 GB Graphics) 5570 Laptop,Laptops
HP 15s Ryzen 3 Dual Core - (4 GB/256 GB SSD/Windows 10 Home) 15s-eq0007AU Thin and Light Laptop,Laptops
Asus Core i5 8th Gen - (4 GB/1 TB HDD/Windows 10 Home) X540UA-DM1027T Laptop,Laptops
HP 14q Core i3 7th Gen - (4 GB/1 TB HDD/DOS) 14q-cs0009TU Thin and Light Laptop,Laptops
HP 15 Ryzen 3 Dual Core - (4 GB/1 TB HDD/Windows 10 Home) 15-db0186AU Laptop,Laptops
Acer Aspire 3 Ryzen 5 Quad Core - (4 GB/1 TB HDD/Windows 10 Home) A315-41 Laptop,Laptops
iBall CompBook Pentium Quad Core - (4 GB/32 GB EMMC Storage/Windows 10 Home) Premio v3.0 Laptop,Laptops
Avita Liber Core i5 8th Gen - (8 GB/256 GB SSD/Windows 10 Home) NS14A2IN196P Thin and Light Laptop,Laptops
Lenovo Ideapad 320 APU Dual Core A6 - (4 GB/1 TB HDD/DOS) IP 320-15AST Laptop,Laptops
Apple MacBook Pro Core i9 8th Gen - (16 GB/512 GB SSD/Mac OS Mojave/4 GB Graphics) MV912HN,Laptops
HP 15q APU Dual Core A6 - (4 GB/1 TB HDD/Windows 10 Home) 15q-dy0006AU Laptop,Laptops
Apple MacBook Air Core i5 8th Gen - (8 GB/128 GB SSD/Mac OS Mojave) MRE82HN/A,Laptops
HP 15s Ryzen 3 Dual Core - (4 GB/256 GB SSD/Windows 10 Home) 15s-eq0007AU Thin and Light Laptop,Laptops
Lenovo Ideapad S145 Core i3 7th Gen - (4 GB/1 TB HDD/Windows 10 Home) S145-15IKB Thin and Light Laptop,Laptops
Lenovo AMD Celeron Quad Core - (4 GB/1 TB HDD/Windows 10 Home) S145-15IGM Laptop,Laptops
HP DA Core i3 7th Gen - (4 GB/1 TB HDD/Windows 10 Home) 15-DA0410TU Laptop,Laptops
HP 14q Core i3 7th Gen - (4 GB/1 TB HDD/DOS) 14q-cs0009TU Thin and Light Laptop,Laptops
HP G7 Core i3 7th Gen - (4 GB/1 TB HDD/DOS) 250 G7 Laptop,Laptops
Lenovo Ideapad S340 Ryzen 3 Dual Core - (8 GB/1 TB HDD/128 GB SSD/Windows 10 Home) S340-14API Laptop,Laptops
Asus 15.6 Ryzen 3 Dual Core - (4 GB/1 TB HDD/Windows 10 Home) X505ZA-EJ492TX505Z Laptop,Laptops
Dell Inspiron 15 5000 Core i5 8th Gen - (8 GB/2 TB HDD/Windows 10 Home/2 GB Graphics) 5570 Laptop,Laptops
Dell Vostro Core i3 6th Gen - (4 GB/1 TB HDD/Windows 10) 3568 Laptop,Laptops
Lenovo Ideapad S145 Pentium Gold - (4 GB/1 TB HDD/DOS) 81mvlenovo ideapad s145-15iwl u Laptop,Laptops
Acer Spin 3 Core i3 6th Gen - (4 GB/1 TB HDD/Windows 10 Home) SP315-51-3723 2 in 1 Laptop,Laptops
Asus X505ZA Ryzen 5 Quad Core 7th Gen - (4 GB/1 TB HDD/Windows 10 Home) X505ZA-EJ563T Laptop,Laptops
HP 15q APU Dual Core A6 - (4 GB/1 TB HDD/Windows 10 Home) 15q-dy0006AU Laptop,Laptops
Dell Vostro 3000 Core i5 8th Gen - (4 GB/1 TB HDD/Linux) 3580 Laptop,Laptops
Lenovo Ideapad S145 Core i3 7th Gen - (4 GB/1 TB HDD/Windows 10 Home) S145-15IKB Thin and Light Laptop,Laptops
HP 15s Ryzen 3 Dual Core - (4 GB/256 GB SSD/Windows 10 Home) 15s-eq0007AU Thin and Light Laptop,Laptops
Apple MacBook Air Core i5 8th Gen - (8 GB/128 GB SSD/Mac OS Mojave) MREE2HN/A,Laptops
Apple MacBook Air Core i5 5th Gen - (8 GB/128 GB SSD/Mac OS Sierra) A1466,Laptops
Apple MacBook Air Core i5 8th Gen - (8 GB/128 GB SSD/Mac OS Mojave) MREA2HN/A,Laptops
HP 14q Core i3 7th Gen - (4 GB/1 TB HDD/DOS) 14q-cs0009TU Thin and Light Laptop,Laptops
Microsoft Surface Pro 6 Core i7 8th Gen - (8 GB/256 GB SSD/Windows 10 Home) 1796 2 in 1 Laptop,Laptops
Dell Inspiron 3000 Core i5 10th Gen - (4 GB/1 TB HDD/256 GB SSD/Windows 10 Home) 3593 Laptop,Laptops
HP Pavilion x360 Core i3 8th Gen - (4 GB/256 GB SSD/Windows 10 Home) 14-dh0101TU 2 in 1 Laptop,Laptops
Dell Inspiron 3000 Ryzen 5 Quad Core - (4 GB/1 TB HDD/Windows 10 Home) 3585 Laptop,Laptops
Lenovo Ideapad 520 Core i5 8th Gen - (8 GB/2 TB HDD/Windows 10 Home/2 GB Graphics) 520-15IKB Laptop,Laptops
Acer Aspire 3 APU Dual Core A4 - (4 GB/1 TB HDD/Windows 10 Home) A315-21 Laptop,Laptops
Dell Inspiron 5000 Core i5 7th Gen - (8 GB/1 TB HDD/Windows 10 Home) 5578 2 in 1 Laptop,Laptops
HP 15s Ryzen 3 Dual Core - (4 GB/256 GB SSD/Windows 10 Home) 15s-eq0007AU Thin and Light Laptop,Laptops
Dell Vostro 15 3000 Core i3 6th Gen - (4 GB/1 TB HDD/Windows 10 Home) 3568 Laptop,Laptops
Dell Inspiron 15 3000 Core i3 7th Gen - (4 GB/1 TB HDD/Windows 10 Home) 3567 Laptop,Laptops
Asus VIVOBOOK APU Dual Core E2 - (4 GB/256 GB SSD/Windows 10 Home) E402YA-GA256T Thin and Light Laptop,Laptops
HP 14q Core i3 7th Gen - (4 GB/1 TB HDD/DOS) 14q-cs0009TU Thin and Light Laptop,Laptops
HP Pavilion Core i3 7th Gen - (8 GB/1 TB HDD/Windows 10 Home/2 GB Graphics) da0435tx Laptop,Laptops
Dell Inspiron 15 5000 Core i3 6th Gen - (4 GB/1 TB HDD/Windows 10 Home) 5567 Laptop,Laptops
HP G7 Ryzen 3 Dual Core - (4 GB/1 TB HDD/DOS) 245 G7 Laptop,Laptops
Dell Inspiron 15 5000 Core i5 8th Gen - (8 GB/2 TB HDD/Windows 10 Home/4 GB Graphics) 5570 Laptop,Laptops
Dell Inspiron 15 5000 Core i5 8th Gen - (8 GB/2 TB HDD/Windows 10 Home/2 GB Graphics) 5570 Laptop,Laptops
HP 14q Core i3 7th Gen - (4 GB/1 TB HDD/Windows 10 Home) 14q-cs0014TU Laptop,Laptops
HP 15q APU Dual Core A6 - (4 GB/1 TB HDD/Windows 10 Home) 15q-dy0006AU Laptop,Laptops
Dell Inspiron 13 7000 Core i5 8th Gen - (8 GB/256 GB SSD/Windows 10 Home) 7373 2 in 1 Laptop,Laptops
HP Pavilion Core i5 7th Gen - (4 GB/1 TB HDD/Windows 10 Home/4 GB Graphics) 15-AU624TX Laptop,Laptops
HP 15s Ryzen 3 Dual Core - (4 GB/256 GB SSD/Windows 10 Home) 15s-eq0007AU Thin and Light Laptop,Laptops
HP 15 Core i5 8th Gen - (8 GB/1 TB HDD/DOS/2 GB Graphics) 15-da0077tx Laptop,Laptops
Lenovo Ideapad C340 Ryzen 3 Dual Core - (4 GB/256 GB SSD/Windows 10 Home) C340-14API 2 in 1 Laptop,Laptops
Dell Core i3 6th Gen - (4 GB/1 TB HDD/Windows 10 Home) 5559 Laptop,Laptops
HP Spectre X360 Core i7 8th Gen - (16 GB/512 GB SSD/Windows 10 Home) 13-AP0033DX 2 in 1 Laptop,Laptops
Lenovo Ideapad C340 Ryzen 5 Quad Core - (8 GB/1 TB SSD/Windows 10 Home) C340-14API 2 in 1 Laptop,Laptops
HP 14q Core i3 7th Gen - (4 GB/1 TB HDD/DOS) 14q-cs0009TU Thin and Light Laptop,Laptops
HP 200 APU Dual Core A6 7th Gen - (4 GB/1 TB HDD/DOS) 245 G7 Notebook Laptop,Laptops
Lenovo Ideapad S145 APU Dual Core A9 - (4 GB/1 TB HDD/Windows 10 Home) S145-15AST Laptop,Laptops
Asus VIVOBOOK Core i3 7th Gen - (4 GB/1 TB HDD/DOS) X441UA-GA508 Laptop,Laptops
Dell Inspiron Core i5 7th Gen - (8 GB/1 TB HDD/Windows 10 Home/2 GB Graphics) 5567 Laptop,Laptops
HP Spectre x360 Core i5 8th Gen - (8 GB/256 GB SSD/Windows 10 Home) 13-ap0100TU 2 in 1 Laptop,Laptops
Dell Inspiron 5000 Core i5 10th Gen - (8 GB/512 GB SSD/Windows 10 Home) 5491 Laptop,Laptops
Dell Inspiron 5000 Core i7 6th Gen - (16 GB/2 TB HDD/Windows 10 Home/4 GB Graphics) 5559 Laptop,Laptops
HP 15q APU Dual Core A6 - (4 GB/1 TB HDD/Windows 10 Home) 15q-dy0006AU Laptop,Laptops
Lenovo Yoga S940 Core i7 8th Gen - (16 GB/1 TB SSD/Windows 10 Home) S940-14IWL Thin and Light Laptop,Laptops
Dell Inspiron 5000 Core i5 6th Gen - (8 GB/1 TB HDD/Windows 10 Home/4 GB Graphics) 5559 Laptop,Laptops
HP 240 G7 Core i3 7th Gen - (4 GB/256 GB SSD/DOS) 240 G7 Laptop,Laptops
Lenovo V145 APU Dual Core A6 7th Gen - (4 GB/1 TB HDD/DOS) V145-15AST U Thin and Light Laptop,Laptops
Dell Core i5 6th Gen - (4 GB/1 TB HDD/Windows 10 Home/2 GB Graphics) 5559 Laptop,Laptops
HP 15s Ryzen 3 Dual Core - (4 GB/256 GB SSD/Windows 10 Home) 15s-eq0007AU Thin and Light Laptop,Laptops
Dell Inspiron 5000 Core i5 7th Gen - (8 GB/2 TB HDD/Windows 10 Home/4 GB Graphics) 5567 Laptop,Laptops
Dell Inspiron Core i5 7th Gen - (8 GB/1 TB HDD/Windows 10 Home/2 GB Graphics) 5567 Laptop,Laptops
HP 14 Core i5 8th Gen - (8 GB/256 GB SSD/Windows 10 Home) 14-ce1000TU Laptop,Laptops
HP 14q Core i3 7th Gen - (4 GB/1 TB HDD/DOS) 14q-cs0009TU Thin and Light Laptop,Laptops
Dell 3000 Core i5 7th Gen - (8 GB/1 TB HDD/Windows 10/2 GB Graphics) 3567 Laptop,Laptops
Dell 5000 Core i5 6th Gen - (8 GB/1 TB HDD/Windows 10 Home) 5568 2 in 1 Laptop,Laptops
Dell 5000 Core i3 6th Gen - (4 GB/1 TB HDD/Windows 10 Home) 5368 2 in 1 Laptop,Laptops
HP ProBook Core i5 7th Gen - (4 GB/1 TB HDD/Windows 10 Pro) 440 Business Laptop,Laptops
HP G6 APU Dual Core A9 - (4 GB/1 TB HDD/DOS) 245-G6 Laptop,Laptops
Dell Inspiron 5000 Core i5 7th Gen - (8 GB/1 TB HDD/Windows 10 Home/4 GB Graphics) 5567 Laptop,Laptops
Dell Inspiron 5000 Core i5 10th Gen - (8 GB/512 GB SSD/Windows 10 Home/2 GB Graphics) 5491 Laptop,Laptops
HP Core i5 6th Gen - (4 GB/500 GB HDD/DOS) 240 G5 Laptop,Laptops
HP Core i5 7th Gen - (4 GB/1 TB HDD/Windows 10 Home) 250 G6 Laptop,Laptops
Asus VivoBook 15 Core i3 8th Gen - (4 GB/1 TB HDD/Windows 10 Home) X540UA-GQ2113T Laptop,Laptops
HP 15q APU Dual Core A6 - (4 GB/1 TB HDD/Windows 10 Home) 15q-dy0006AU Laptop,Laptops
Smartron t.book flex Core m3 7th Gen - (4 GB/128 GB SSD/Windows 10 Home) T1223 2 in 1 Laptop,Laptops
HP 15 Athlon Dual Core - (4 GB/1 TB HDD/Windows 10 Home) 15-db1066AU Laptop,Laptops
Lenovo Ideapad 130 APU Dual Core A9 - (4 GB/1 TB HDD/Windows 10 Home/2 GB Graphics) 130-15AST Laptop,Laptops
HP 15s Ryzen 3 Dual Core - (4 GB/256 GB SSD/Windows 10 Home) 15s-eq0007AU Thin and Light Laptop,Laptops
Avita Magus Celeron Dual Core - (4 GB/64 GB EMMC Storage/Windows 10 Home) NS12T5IN003P 2 in 1 Laptop,Laptops
HP 15q Core i5 7th Gen - (4 GB/1 TB HDD/Windows 10 Home) 15q-ds0028TU Laptop,Laptops
HP 14q Core i3 7th Gen - (4 GB/1 TB HDD/DOS) 14q-cs0009TU Thin and Light Laptop,Laptops
Lenovo ideapad APU Quad Core A4 - (4 GB/1 TB HDD/Windows 10 Home) 130 Laptop,Laptops
HP G6 Core i3 7th Gen - (4 GB/1 TB HDD/DOS) 250-G6 Laptop,Laptops
Asus Vivobook Core i7 8th Gen - (8 GB/1 TB HDD/Windows 10 Home/2 GB Graphics) X510UN-EJ329T Laptop,Laptops
HP 14q Core i3 7th Gen - (8 GB/256 GB SSD/Windows 10 Home) 14q-cs0023TU Thin and Light Laptop,Laptops
Lenovo Ideapad 520 Core i5 8th Gen - (8 GB/2 TB HDD/Windows 10 Home/4 GB Graphics) 520-15IKB Laptop,Laptops
Acer Swift 3 Core i5 8th Gen - (8 GB/1 TB HDD/Windows 10 Home) SF315-51 Laptop,Laptops
Avita Liber Core i5 7th Gen - (8 GB/256 GB SSD/Windows 10 Home) NS14A1IN007P Thin and Light Laptop,Laptops
Acer Swift 3 Core i5 8th Gen - (8 GB/1 TB HDD/Windows 10 Home) SF315-51-50b5 Laptop,Laptops
Dell Inspiron 15 3000 Core i3 7th Gen - (4 GB/1 TB HDD/Windows 10/2 GB Graphics) 15 3576 Laptop,Laptops
HP 15q APU Dual Core A6 - (4 GB/1 TB HDD/Windows 10 Home) 15q-dy0006AU Laptop,Laptops
Product Name,Phones
"Realme 6 (Comet Blue,Phones
"Redmi Note 8 Pro (Electric Blue,Phones
"POCO X2 (Atlantis Blue,Phones
"POCO X2 (Matrix Purple,Phones
"Vivo Z1Pro (Sonic Black,Phones
"Vivo Z1Pro (Sonic Black,Phones
"Vivo Z1Pro (Sonic Black,Phones
"Redmi Note 7 Pro (Space Black,Phones
"Vivo Y15 (Burgundy Red,Phones
"Vivo Y15 (Aqua Blue,Phones
"Redmi 8 (Onyx Black,Phones
"POCO X2 (Atlantis Blue,Phones
"Realme 5 Pro (Sparkling Blue,Phones
"Realme 5 Pro (Sparkling Blue,Phones
"Realme 5 Pro (Sparkling Blue,Phones
"Realme 5 Pro (Crystal Green,Phones
"Vivo Z1Pro (Sonic Blue,Phones
"Vivo Z1Pro (Sonic Blue,Phones
"Vivo Z1Pro (Sonic Blue,Phones
"Realme 6 Pro (Lightning Blue,Phones
"Redmi Note 8 Pro (Shadow Black,Phones
"Realme 6 (Comet Blue,Phones
"Vivo U10 (Electric Blue,Phones
"Realme C3 (Frozen Blue,Phones
"Redmi Note 8 (Neptune Blue,Phones
"Apple iPhone 7 (Black,Phones
Samsung Guru Music 2,Phones
Samsung Guru Music 2,Phones
"Apple iPhone SE (Black,Phones
Detel D1 Champ,Phones
"Redmi Note 8 Pro (Shadow Black,Phones
Nokia 105 Dual Sim 2017,Phones
Nokia 105 SS,Phones
Nokia 105 SS,Phones
Samsung Guru Music 2,Phones
"Redmi Note 7 Pro (Space Black,Phones
Lava A1,Phones
Lava A1,Phones
Nokia 105 ss,Phones
Nokia 105 SS,Phones
"Realme 6 (Comet Blue,Phones
"POCO X2 (Atlantis Blue,Phones
"POCO X2 (Matrix Purple,Phones
"Vivo Z1Pro (Sonic Black,Phones
"Redmi 8 (Onyx Black,Phones
"Realme 5 Pro (Sparkling Blue,Phones
"Realme 5 Pro (Crystal Green,Phones
"Vivo Z1Pro (Sonic Blue,Phones
"Redmi 8 (Sapphire Blue,Phones
Detel D1 Champ,Phones
"Realme 5 (Crystal Purple,Phones
"Realme 5 (Crystal Blue,Phones
"Realme 5 (Crystal Blue,Phones
"Redmi 8 (Ruby Red,Phones
"Redmi 8 (Emerald Green,Phones
"Realme 6 (Comet Blue,Phones
"POCO X2 (Phoenix Red,Phones
"Realme C2 (Diamond Sapphire,Phones
"Realme C2 (Diamond Ruby,Phones
"Realme 5i (Forest Green,Phones
"Realme 5i (Aqua Blue,Phones
"Realme 5i (Aqua Blue,Phones
"Realme 5i (Forest Green,Phones
"Realme 6 Pro (Lightning Blue,Phones
"Infinix Hot 8 (Shark Grey,Phones
"Infinix Hot 8 (Quetzal Cyan,Phones
"Realme 6 Pro (Lightning Blue,Phones
"Redmi Y2 (Gold,Phones
"Realme C3 (Frozen Blue,Phones
"Realme 6 (Comet White,Phones
"POCO X2 (Matrix Purple,Phones
"Realme 5 (Crystal Purple,Phones
Nokia 105 ss,Phones
Detel D1 Champ,Phones
Nokia 105 SS,Phones
"Vivo V19 (Piano Black,Phones
"OnePlus 7T (Glacier Blue,Phones
"OnePlus 7T (Glacier Blue,Phones
"Redmi Note 8 Pro (Halo White,Phones
"OPPO F11 Pro (Aurora Green,Phones
"OPPO F11 Pro (Thunder Black,Phones
Lava A1,Phones
Lava A1,Phones
Lava A1,Phones
Lava A1,Phones
"Apple iPhone SE (White,Phones
Samsung Guru Music 2,Phones
"Vivo V19 (Mystic Silver,Phones
"Vivo Y12 (Aqua Blue,Phones
"OPPO F15 (Unicorn White,Phones
Micromax X380,Phones
Samsung Metro 313 Dual Sim,Phones
"Honor 9X (Midnight Black,Phones
"Google Pixel 3a (Clearly White,Phones
"Google Pixel 3a (Just Black,Phones
"Mi A3 (More Than White,Phones
Samsung Metro 313 Dual Sim,Phones
Hicell C9 Metro,Phones
Nokia 110,Phones
Detel D1 Champ,Phones
Samsung Guru 1200,Phones
Lava One,Phones
Lava One,Phones
Lava ONE,Phones
Gfive U229,Phones
Gfive U229,Phones
Kechaoda K66 Plus,Phones
"Vivo S1 (Skyline Blue,Phones
"Mi A3 (More Than White,Phones
"OPPO A5 2020 (Mirror Black,Phones
"OPPO A5 2020 (Dazzling White,Phones
"Samsung Galaxy J2 Core (Blue,Phones
Kechaoda A26,Phones
"Redmi Note 8 Pro (Shadow Black,Phones
"Vivo S1 (Skyline Blue,Phones
"Vivo V17 (Midnight Ocean Black,Phones
"Honor 9X (Sapphire Blue,Phones
"Honor 9X (Sapphire Blue,Phones
"Mi A3 (Kind of Grey,Phones
"Samsung Galaxy S9 (Midnight Black,Phones
"Infinix S5 Pro (Forest Green,Phones
"Moto E6s (Caribbean Blue,Phones
"Redmi Note 7S (Sapphire Blue,Phones
Detel D1 Champ,Phones
"Redmi 8A (Ocean Blue,Phones
"Realme C3 (Blazing Red,Phones
"Honor 20i (Phantom Red,Phones
Forme N1,Phones
"Apple iPhone SE (Red,Phones
"Honor 9 Lite (Sapphire Blue,Phones
"Honor 9 Lite (Midnight Black,Phones
"Honor 9 Lite (Glacier Grey,Phones
"Nokia 7.2 (Ice,Phones
"Moto E6s (Rich Cranberry,Phones
"Redmi Go (Black,Phones
"Realme X2 (Pearl Blue,Phones
"Vivo U10 (Electric Blue,Phones
"Realme X (Garlic,Phones
"Redmi Note 6 Pro (Black,Phones
"Motorola G8 Power Lite (Royal Blue,Phones
"Redmi Note 7 Pro (Neptune Blue,Phones
"Vivo U10 (Thunder Black,Phones
"Realme 5s (Crystal Purple,Phones
"Realme XT (Pearl Blue,Phones
Itel It2171,Phones
Itel It2171,Phones
"Redmi Note 9 Pro (Aurora Blue,Phones
"Redmi Note 9 Pro (Aurora Blue,Phones
"Apple iPhone XS (Space Grey,Phones
Detel D1 Champ,Phones
"Realme X2 (Pearl Green,Phones
"Realme X2 (Pearl Green,Phones
"Apple iPhone XS (Gold,Phones
Itel IT 2163,Phones
Kechaoda K66 Plus,Phones
Kechaoda K66 Plus,Phones
Kechaoda K-55 Plus,Phones
Lava Spark i8,Phones
Samsung Metro 313 Dual Sim,Phones
"Redmi Note 8 Pro (Halo White,Phones
"Apple iPhone 11 (Purple,Phones
"Coolpad Cool 3 (Midnight Blue,Phones
"Apple iPhone 11 (White,Phones
Nokia 105 SS,Phones
Nokia 105 SS,Phones
"Realme X2 (Pearl White,Phones
"Realme X2 (Pearl Green,Phones
"Realme X2 (Pearl White,Phones
Lava A7,Phones
Detel D1 Champ,Phones
Lava A7,Phones
"Apple iPhone 11 (White,Phones
"Apple iPhone 7 Plus (Gold,Phones
Lava 34 Plus,Phones
Snexian Rock,Phones
"Mi A3 (Not just Blue,Phones
Karbonn K9 Mini,Phones
"OPPO F11 (Jewelry White,Phones
"Realme XT (Pearl White,Phones
"Realme XT (Pearl Blue,Phones
"Realme XT (Pearl White,Phones
"Apple iPhone 11 (Purple,Phones
Kechaoda K33,Phones
Kechaoda K33,Phones
Kechaoda K33,Phones
"Realme C1 (Navy Blue,Phones
"POCO X2 (Matrix Purple,Phones
"Samsung Galaxy S9 Plus (Midnight Black,Phones
Micromax X741,Phones
Itel Muzik 400,Phones
"Honor 10 Lite (Sky Blue,Phones
Lava One,Phones
Kechaoda A26,Phones
Detel D1 Champ,Phones
Lava Spark i8,Phones
"OPPO A5 2020 (Dazzling White,Phones
Kara Elight,Phones
"POCO X2 (Atlantis Blue,Phones
Karbonn K9 SPY,Phones
"Moto E6s (Polished Graphite,Phones
Snexian Rock,Phones
Snexian Rock,Phones
"Vivo V17 (Glacier ice white,Phones
"Huawei Y9 Prime 2019 (Sapphire Blue,Phones
Lava A1200,Phones
"Meizu C9 (Gold,Phones
Kechaoda A27,Phones
Micromax X746,Phones
"OPPO F11 (Fluorite Purple,Phones
"Vivo S1 (Diamond Black,Phones
"Vivo S1 (Diamond Black,Phones
"Samsung Galaxy A50s (Prism Crush Black,Phones
Lava A1200,Phones
"Redmi Note 7S (Sapphire Blue,Phones
"Apple iPhone XR (White,Phones
"Apple iPhone 8 (Silver,Phones
"Micromax iOne (Black,Phones
Micromax X811,Phones
"Tecno Spark Go Plus (Vacation Blue,Phones
Detel D1 Champ,Phones
Intex Turbo 108+,Phones
"Karbonn Vue 1 (Champagne,Phones
"OPPO A9 2020 (Marine Green,Phones
"Honor 9 Lite (Midnight Black,Phones
"Apple iPhone XR (White,Phones
"XOLO Era 4x (Black,Phones
"Vivo V15 Pro (Topaz Blue,Phones
Micromax X740,Phones
Kechaoda K28,Phones
"Realme X2 Pro (Neptune Blue,Phones
Samsung Guru 1200,Phones
"OnePlus 7 (Red,Phones
Micromax X809,Phones
"Redmi K20 (Carbon Black,Phones
Kechaoda K115,Phones
"Redmi Note 7 Pro (Neptune Blue,Phones
Samsung Guru Music 2 SM-B310E,Phones
Hicell C1 Nova,Phones
"Realme X (Space Blue,Phones
"Realme X (Space Blue,Phones
"Realme 3i (Diamond Black,Phones
"Realme 3i (Diamond Blue,Phones
"Redmi Note 8 (Cosmic Purple,Phones
Detel D1 Champ,Phones
"Realme 5s (Crystal Red,Phones
"Asus ZenFone Max M2 (Blue,Phones
"Redmi Note 7 Pro (Space Black,Phones
Muphone M20,Phones
"Motorola One Vision (Sapphire Gradient,Phones
Itel it5260,Phones
"Redmi K20 Pro (Flame Red,Phones
Easyfone Royale,Phones
Tambo A1800,Phones
"OPPO Reno2 F (Lake Green,Phones
"Redmi Note 7S (Onyx Black,Phones
"Motorola One Action (Denim Blue,Phones
Nokia 150/150 DS,Phones
Karbonn K140 Pop,Phones
Karbonn K140 Pop,Phones
"Moto G6 (Indigo Black,Phones
Karbonn KX3,Phones
Karbonn K-Pebble,Phones
Itel Magic 1 Max,Phones
I Kall K2180 Pack of Two Mobile,Phones
"Gionee F9 (Blue,Phones
Itel It 2190,Phones
"Tecno Camon 15 (SHOAL GOLD,Phones
"Lenovo K9 (Black,Phones
"Asus ZenFone Max M2 (Black,Phones
Detel D1 Champ,Phones
"Samsung Galaxy M30 (Gradation Black,Phones
I Kall K2180,Phones
"Asus ZenFone Max M2 (Silver,Phones
"Tecno Spark 4 Air (Polar Blue,Phones
"Tecno Spark 4 Air (Nebula Black,Phones
Micromax X807,Phones
Micromax X412,Phones
"Redmi K20 Pro (Glacier Blue,Phones
"Infinix Note 5 (Milan Black,Phones
BlackBear D101 Handy,Phones
"Lenovo K9 Note (Black,Phones
Gfive Classic,Phones
"Redmi Y2 (Black,Phones
"Realme 3i (Diamond Red,Phones
Karbonn K2 Boom Box,Phones
Micromax X421,Phones
"Redmi 8A Dual (Sea Blue,Phones
"Redmi 8A Dual (Midnight Grey,Phones
Micromax X807,Phones
Detel D1 Champ,Phones
"Realme 3 Pro (Nitro Blue,Phones
"Realme 3 Pro (Carbon Grey,Phones
"Realme 3 Pro (Carbon Grey,Phones
I Kall K20 New Combo of Two Mobiles,Phones
"OPPO A5 (Diamond Red,Phones
InFocus F229,Phones
"Redmi Note 8 Pro (Gamma Green,Phones
"Redmi Y2 (Blue,Phones
"Asus ZenFone Max M1 (Black,Phones
"Samsung Galaxy S10 Lite (Prism Black,Phones
Karbonn K451 Power,Phones
"Redmi Y2 (Rose Gold,Phones
Itel It 2190,Phones
"Redmi Note 8 (Space Black,Phones
"Samsung Galaxy A30s (Prism Crush White,Phones
Kechaoda K33,Phones
Snexian Rock,Phones
"Apple iPhone 11 (Red,Phones
"Samsung Galaxy S10 Lite (Prism Blue,Phones
Nokia 105,Phones
Karbonn K99 Pro,Phones
Nokia 105,Phones
JIVI N3720 Power,Phones
Detel D1 Champ,Phones
"Honor 20 (Midnight Black,Phones
"Samsung Galaxy A71 (Prism Crush Silver,Phones
Gfive Alpha,Phones
"POCO F1 (Armoured Edition,Phones
Itel Power 400,Phones
"Yu Yureka Black (Chrome Black,Phones
Kechaoda K112,Phones
"Asus Zenfone Max Pro M1 (Black,Phones
"Micromax Bharat 4 (Blue,Phones
"Vivo Y17 (Mineral Blue,Phones
"Realme X2 Pro (Neptune Blue,Phones
"Realme X2 Pro (Lunar White,Phones
"Realme X2 Pro (Neptune Blue,Phones
Karbonn K140 Pop,Phones
"OPPO K1 (Piano Black,Phones
"OPPO K1 (Astral Blue,Phones
"OPPO A3s (Purple,Phones
Kechaoda K115,Phones
Kechaoda K115,Phones
Kechaoda K28,Phones
Hicell C5,Phones
Hicell C5,Phones
"Realme X2 Pro (Concrete,Phones
"Redmi Note 8 Pro (Electric Blue,Phones
"Gionee A1 Lite (Gold,Phones
Detel D1 Champ,Phones
"Yu Yutopia (Graphite Grey,Phones
Itel It 2163,Phones
Itel IT 2163,Phones
"Realme X (Super Polar White,Phones
"Samsung Galaxy S10 Lite (Prism White,Phones
Karbonn K24+,Phones
"Apple iPhone SE (Black,Phones
"Moto G8 Plus (Crystal Pink,Phones
"Infinix Hot 9 Pro (Violet,Phones
"Redmi Note 7 Pro (Astro Moonlight White,Phones
"Honor 20 (Sapphire Blue,Phones
"Gionee F10 (Blue,Phones
Jmax M43,Phones
Jmax M43,Phones
Blackbear B5 Bucket,Phones
Kechaoda A26,Phones
Kechaoda A26,Phones
"Gionee F9 (Black,Phones
Kechaoda A27,Phones
"Redmi K20 Pro (Flame Red,Phones
"Gionee F205 (Black and Gold,Phones
I Kall K112 Pack of two Mobile,Phones
"Redmi K20 Pro (Carbon Black,Phones
Detel D1 Champ,Phones
Karbonn K24 Plus Pro,Phones
"Nokia 4.2 (Black,Phones
"Redmi Note 8 Pro (Gamma Green,Phones
Karbonn KX24,Phones
"Realme C2 (Diamond Blue,Phones
"Apple iPhone 11 (Green,Phones
"Apple iPhone XR (Blue,Phones
Micromax X516,Phones
"Realme C1 (Mirror Black,Phones
Karbonn KX1,Phones
Karbonn KX1,Phones
Karbonn KX1,Phones
"Realme 3 (Diamond Red,Phones
"Realme 3 (Radiant Blue,Phones
"Realme 3 (Radiant Blue,Phones
"Realme 3 (Dynamic Black,Phones
"Realme 3 (Dynamic Black,Phones
"Realme 3 (Dynamic Black,Phones
"Asus Zenfone Max Pro M1 (Blue,Phones
Itel it5607,Phones
Micromax X741,Phones
"Redmi K20 Pro (Pearl White,Phones
Jmax M40,Phones
Jmax M40,Phones
Jmax M40,Phones
Detel D1 Champ,Phones
Karbonn K885 Metal,Phones
"Yu Ace (Charcoal Grey,Phones
"Gionee F10 (Black,Phones
Lava Captain K1 Plus,Phones
"Honor 10 Lite (Midnight Black,Phones
"Honor 10 Lite (Sapphire Blue,Phones
"Honor 10 Lite (Sapphire Blue,Phones
"Karbonn Aura Power 4G+ (Champagne,Phones
"Gionee F9 (Champagne,Phones
"Samsung Galaxy M30 (Blue,Phones
Gfive U220+,Phones
"Nubia Redmagic 3S (Mecha Silver,Phones
Karbonn K19 Rock,Phones
I Kall K51,Phones
"Micromax Vdeo 3 (Champagne,Phones
"Apple iPhone 7 (Rose Gold,Phones
"Honor 7S (Black,Phones
"Infinix Hot 7 (Mocha Brown,Phones
Jivi Banana 6,Phones
Detel D1 Champ,Phones
"Nokia 2.2 (Black,Phones
"Apple iPhone 6s (Silver,Phones
"Micromax Vdeo 3 (Grey,Phones
"Realme X (Polar White,Phones
"Redmi Note 9 Pro (Interstellar Black,Phones
"Redmi K20 Pro (Pearl White,Phones
Lava Spark i8,Phones
I Kall K 60,Phones
Karbonn K-Stylo,Phones
Blackbear B5 Nex,Phones
"Apple iPhone XR ((PRODUCT)RED,Phones
Snexian Rock,Phones
"Apple iPhone 7 Plus (Silver,Phones
"OPPO Reno3 Pro (Sky White,Phones
"OPPO Reno3 Pro (Auroral Blue,Phones
Samsung Guru Music 2,Phones
"Realme 3 (Radiant Blue,Phones
Gfive Leo,Phones
"Realme X2 Pro (Red Brick,Phones
"Samsung Galaxy A30s (Prism Crush Black,Phones
BlackZone Eluga,Phones
Kechaoda K9,Phones
"Ismart Extreme (Sea Blue,Phones
Detel D1 Champ,Phones
I Kall K44 new mobile,Phones
Micromax X749,Phones
"iQOO 3 (5G) (Tornado Black,Phones
Karbonn KX23,Phones
"Gionee M7 Power (Gold,Phones
"Nokia 6.1 (Iron,Phones
"OPPO A9 2020 (Marine Green,Phones
"OPPO A9 2020 (Space Purple,Phones
Fox Sultan,Phones
"Realme 2 Pro (Blue Ocean,Phones
"Realme 2 Pro (Ice Lake,Phones
"Realme 2 Pro (Blue Ocean,Phones
"Micromax Evok Note (Champagne,Phones
InFocus Hero Power B1,Phones
Karbonn K334,Phones
Fox Champ FX240,Phones
BlackZone Genius,Phones
Karbonn K17 Rock,Phones
Megus Eco,Phones
Kechaoda K112,Phones
"OPPO A83 (2018 Edition) (Champagne,Phones
"Lava A68 (Gold,Phones
Fox Sultan,Phones
Fox Sultan,Phones
Fox Sultan,Phones
Detel D1 Champ,Phones
Kechaoda K66 Plus,Phones
"Moto M (Silver,Phones
"Moto M (Gold,Phones
"Moto M (Grey,Phones
"Apple iPhone XR (Black,Phones
Fox Sultan,Phones
I Kall K24,Phones
"Samsung Galaxy A71 (Prism Crush Black,Phones
"Apple iPhone 8 (Space Grey,Phones
Zen M72 Max,Phones
Karbonn KX2,Phones
I Kall K 64,Phones
Fox BigDaddy,Phones
Fox BigDaddy,Phones
Fox BigDaddy,Phones
Gfive U707 combo of Two,Phones
Gfive U707 combo of Two,Phones
Fox Bolt FX241,Phones
"Micromax Canvas Infinity (Black,Phones
I Kall K25 Combo of Two Mobiles,Phones
"Vivo V9 (Pearl Black (Golden Line),Phones
Muphone M5800,Phones
"Mi Mix 2 (Black,Phones
Detel D1 Champ,Phones
"Lava Z41 (Midnight Blue,Phones
I Kall K 38 Plus,Phones
Fox Champ FX240,Phones
Fox Champ FX240,Phones
Itel It 5605n,Phones
BlackZone Hammar,Phones
Blackzone Hammar,Phones
Ssky Stone,Phones
Winstar L6,Phones
"Winstar L6 (Blue,Phones
Intex Ultra,Phones
"InFocus A2 (Champagne Gold,Phones
Salora Coral,Phones
"OPPO F9 Pro (Twilight Blue,Phones
I Kall K40 New,Phones
"Leagoo S8 (Dezzal blue,Phones
"Realme 2 Pro (Blue Ocean,Phones
1+1=2 D1,Phones
"Samsung GALAXY A50 (White,Phones
"Redmi K20 (Flame Red,Phones
I Kall K-130,Phones
InFocus F229,Phones
"Nokia 3.2 (Black,Phones
Gfive WP86,Phones
Gfive WP86,Phones
Detel D1 Champ,Phones
Gfive WP86,Phones
Kechaoda A 31,Phones
"OPPO F11 (Marble Green,Phones
Easyfone Amico,Phones
I Kall K31,Phones
JIVI X30,Phones
I Kall K3312,Phones
Intex Mega 2400,Phones
Zen M72 Slim,Phones
"Nokia 3.2 (Black,Phones
Winstar W11,Phones
Winstar W11,Phones
I Kall K 50 Combo of 2,Phones
"Realme 2 Pro (Black Sea,Phones
Zen Z15,Phones
Zen Z15,Phones
Zen X50,Phones
Reach Cogent Mini,Phones
GreenBerry W1,Phones
Detel D1 Champ,Phones
Jivi X93 Grand,Phones
Zen Power 102,Phones
Zen Power 102,Phones
"Apple iPhone XR (Coral,Phones
Kara K16,Phones
Muphone M350,Phones
Muphone M350,Phones
Muphone M350,Phones
Muphone M350,Phones
Gfive Plus,Phones
"Micromax Bharat 4 Diwali Edition (Matte Black,Phones
Zen X28,Phones
Zen X28,Phones
Zen X28,Phones
Q-Tel Q7,Phones
Q-Tel Q7,Phones
"Vivo V7+ (Matte Black,Phones
"Vivo Y71 (Matte Black,Phones
Blackbear B5 Neo,Phones
Blackbear B5 Neo,Phones
Kechaoda K10,Phones
"Motorola One Macro (Ultra Violet,Phones
Reach Power 230,Phones
Detel D1 Champ,Phones
Tambo A1806,Phones
"Itel A44 Pro (Blue,Phones
"Samsung Galaxy On Max (Gold,Phones
"Samsung Galaxy M30s (Black,Phones
"Coolpad Mega 5C (Sky Blue,Phones
BlackZone B310,Phones
Gfive U707,Phones
"Micromax Bharat 4 (Black,Phones
"Vivo V11 Pro (Starry Night Black,Phones
"Asus ZenFone Max M2 (Black,Phones
"Redmi Note 3 (Gold,Phones
GLX W22,Phones
GLX W22,Phones
GLX W22,Phones
Samsung Guru GT,Phones
"Itel Vision1 (Gradation Purple,Phones
Tork T13 Banana,Phones
Mymax M36,Phones
"Vivo V15 Pro (Ruby Red,Phones
"Honor 10 Lite (Midnight Black,Phones
"Honor 10 Lite (Sapphire Blue,Phones
Karbonn KX26,Phones
"Samsung Galaxy M30s (Black,Phones
"Coolpad Mega 5A (Gold,Phones
I Kall K30,Phones
Detel D1 Champ,Phones
Forme Duos N2,Phones
Salora Vishaal,Phones
Salora Volt 2,Phones
"Lava A52 (Black,Phones
"Lava Iris Atom (Black,Phones
Karbonn K490+,Phones
Micromax X746,Phones
"YUHO Y2 Pro (Ruby Red-Black,Phones
Inovu A1s Combo of Two Mobiles,Phones
Inovu A1s Combo of Two Mobiles,Phones
Inovu A1s Combo of Two Mobiles,Phones
Muphone M3000,Phones
Muphone M3000,Phones
Muphone M3000,Phones
Reach Champ + Selfie Black Yellow,Phones
Karbonn KX26,Phones
Gfive U873,Phones
Zen Zen M72 Max,Phones
Karbonn K324N,Phones
Rocktel R5,Phones
